Company Name,Website URL,Phone Number,Email Address,City / Location,Specialization,Google Maps Reviews,Priority Tier
Royal Pro Heating LTD,https://royal-heating.com/,604-436-1255,royalproheating@gmail.com,Vancouver,Heating/Furnace,14,TIER 1
Heatex Furnace Ltd.,https://heatexfurnace.com/,604-568-0077,heatexfurnace@gmail.com,Port Coquitlam,Heating/Furnace,17,TIER 1
BCRC Heating,https://bcrcheating.com/,604-781-7272,bcrc.p.h@gmail.com,Vancouver,Heating/Furnace,31,TIER 1
Metro Van Pool Repair,https://www.metrovanpoolrepair.com/,604-600-5062,robel@metrovanpoolrepair.com,Vancouver,Pool Plumbing,12,TIER 1
Pool Compass Inc.,https://poolcompassinc.com/,672-982-7665,info@poolcompassinc.com,Langley,Pool Plumbing,18,TIER 1
Solid Vancouver Irrigation & Sprinkler,https://solidvancouverirrigation.ca/,604-757-1920,solidirrigation@gmail.com,Vancouver,Irrigation,8,TIER 1
Nexline Irrigation,https://www.nexlineirrigation.ca/,604-318-5445,office@nexlineirrigation.ca,Burnaby,Irrigation,6,TIER 1
Budget Heating & Plumbing Services Ltd,https://www.budgetheating.ca/,604-343-1985,info@budgetheating.ca,North Vancouver,Boiler/HVAC,47,TIER 1
Sheehan Plumbing & Heating,https://www.sheehanplumbing.ca/,604-931-3921,info@sheehanplumbing.ca,Port Coquitlam,Heating/Furnace,38,TIER 1
Aquatech Vancouver Heating & Air Conditioning,https://aquatechmechanical.ca/,604-238-5075,info@aquatechvancouver.ca,Burnaby,Boiler/HVAC,88,TIER 1
